[
    {
        "id":1,
        "navId":1,
        "cardType":"Total Views",
        "icon":"https://res.cloudinary.com/durga858/image/upload/v1643783391/tastykitchen/icons8-eye-24_rwlmwi.png",
        "views": 308402,
        "isActiveCard":true
    },
    {
        "id":2,
        "navId":4,
        "cardType":"Total Products",
        "icon":"https://res.cloudinary.com/durga858/image/upload/v1643783486/tastykitchen/icons8-shopping-bag-24_dzs7qu.png",
        "views": 10820,
        "isActiveCard":false
    },
    {
        "id":3,
        "navId":3,
        "cardType":"Total Users",
        "icon":"https://res.cloudinary.com/durga858/image/upload/v1643782762/tastykitchen/icons8-group-50_iershj.png",
        "views": 8425,
        "isActiveCard":false   
    },
    {
        "id":4,
        "navId":2,
        "cardType":"Total Sells",
        "icon":"https://res.cloudinary.com/durga858/image/upload/v1643783215/tastykitchen/icons8-shopping-cart-24_wue3vg.png",
        "views": 102862,
        "isActiveCard":false
    }
]