[
    {
        "id":1,
        "name":"Mobile",
        "status":"Active",
        "sold":3000,
        "views":3200
    },
    {
        "id":2,
        "name":"Earphones",
        "status":"Active",
        "sold":3344,
        "views":3432
    },
    {
        "id":3,
        "name":"Iphone 13",
        "status":"Active",
        "sold":1022,
        "views":1253
    },
    {
        "id":4,
        "name":"Airpods",
        "status":"Active",
        "sold":324,
        "views":503
    },
    {
        "id":5,
        "name":"Shoes",
        "status":"Active",
        "sold":4583,
        "views":8473
    },
    {
        "id":6,
        "name":"Dresses",
        "status":"Active",
        "sold":13056,
        "views":19038
    },
    {
        "id":7,
        "name":"Cars",
        "status":"Active",
        "sold":502,
        "views":1304
    },
    {
        "id":8,
        "name":"Bikes",
        "status":"Active",
        "sold":2234,
        "views":4000
    },
    {
        "id":9,
        "name":"Books",
        "status":"Active",
        "sold":6894,
        "views":15002
    },
    {
        "id":10,
        "name":"Laptops",
        "status":"Active",
        "sold":5034,
        "views":10000
    },
    {
        "id":11,
        "name":"Chairs",
        "status":"Active",
        "sold":1242,
        "views":2004
    },
    {
        "id":12,
        "name":"Tables",
        "status":"Active",
        "sold":1000,
        "views":1290
    }
]