[
    {
		"id":1,
        "views": 5400,
		"sales": 4000,
		"date":"2022-02-02"
	},
	{
		"id":2,
        "views": 3000,
		"sales": 1440,
		"date":"2022-02-01"
	},
	{
		"id":3,
        "views": 9800,
		"sales": 2000,
		"date":"2022-01-31"
	},
	{
		"id":4,
        "views": 3908,
		"sales": 2780,
		"date":"2022-01-29"
	},
	{
		"id":5,
        "views": 4800,
		"sales": 1880,
		"date":"2022-01-28"
	},
	{
		"id":6,
        "views": 3800,
		"sales": 2390,
		"date":"2022-01-27"	
	},
	{
		"id":7,
        "views": 4300,
		"sales": 3490,
		"date":"2022-01-21"
	},
	{
		"id":8,
        "views": 3029,
		"sales": 2899,
		"date":"2022-01-14"
	},
	{
		"id":9,
        "views": 4002,
		"sales": 3283,
		"date":"2022-01-07"
	},
	{
		"id":10,
        "views": 3022,
		"sales": 2234,
		"date":"2022-01-04"
	},
	{
		"id":11,
        "views": 3748,
		"sales": 2898,
		"date":"2021-12-26"
	},
	{
		"id":12,
        "views": 4389,
		"sales": 3911,
		"date":"2021-12-15"
	},
	{
		"id":13,
        "views": 4432,
		"sales": 2091,
		"date":"2021-11-21"
	},
	{
		"id":14,
        "views": 4854,
		"sales": 3295,
		"date":"2021-11-01"
	},
	{
		"id":15,
        "views": 4723,
		"sales": 3490,
		"date":"2021-10-27"
	},
	{
		"id":16,
        "views": 4292,
		"sales": 3932,
		"date":"2021-09-17"
	},
	{
		"id":17,
        "views": 4928,
		"sales": 3828,
		"date":"2021-08-10"
	},
	{
		"id":18,
        "views": 3844,
		"sales": 3231,
		"date":"2021-07-18"
	},
	{
		"id":19,
        "views": 3984,
		"sales": 3144,
		"date":"2021-06-18"
	},
	{
		"id":20,
        "views": 4300,
		"sales": 3120,
		"date":"2021-05-18"
	},
	{
		"id":21,
        "views": 2001,
		"sales": 1244,
		"date":"2021-04-18"
	},
	{
		"id":22,
        "views": 2467,
		"sales": 1883,
		"date":"2021-03-13"
	},
	{
		"id":23,
        "views": 2618,
		"sales": 2018,
		"date":"2021-02-18"
	},
	{
		"id":24,
        "views": 2891,
		"sales": 2093,
		"date":"2021-01-18"
	}
]