[
    {
        "id":1,
        "views":2342,
        "date":"2022-01-29"
    },
    {
        "id":2,
        "views":2342,
        "date":"2022-01-28"
    },
    {
        "id":3,
        "views":2342,
        "date":"2022-01-29"
    },
    {
        "id":4,
        "views":2342,
        "date":"2022-01-29"
    },
    {
        "id":5,
        "views":2342,
        "date":"2022-01-29"
    },
    {
        "id":6,
        "views":2342,
        "date":"2022-01-29"
    },
    {
        "id":7,
        "views":2342,
        "date":"2022-01-29"
    },{
        "id":8,
        "views":2342,
        "date":"2022-01-29"
    },
    {
        "id":9,
        "views":2342,
        "date":"2022-01-29"
    },
    {
        "id":10,
        "views":2342,
        "date":"2022-01-29"
    },
    {
        "id":11,
        "views":2342,
        "date":"2022-01-29"
    },
    {
        "id":12,
        "views":2342,
        "date":"2022-01-29"
    },
    {
        "id":13,
        "views":2342,
        "date":"2022-01-29"
    },
    {
        "id":14,
        "views":2342,
        "date":"2022-01-29"
    }
    
]